work_year,experience_level,employment_type,job_title,salary,salary_currency,salary_in_usd,employee_residence,remote_ratio,company_location,company_size
2024,EN,FT,Machine Learning Researcher,143100,USD,143100,US,0,US,M
2023,MI,FT,Data Analyst,65000,GBP,79976,GB,100,GB,M
2024,MI,FT,Consultant,158000,USD,158000,US,100,US,M
2024,MI,FT,Data Engineer,199600,USD,199600,US,0,US,M
2024,MI,FT,Data Engineer,85000,USD,85000,US,100,US,M
2024,MI,FT,Data Engineer,99298,USD,99298,US,0,US,M
2024,EN,FT,Research Analyst,70400,USD,70400,US,0,US,M
2025,MI,FT,Analytics Engineer,60000,EUR,63157,IT,0,IT,M
2024,MI,FT,Research Scientist,200000,USD,200000,US,100,US,M
2024,MI,FT,Software Engineer,222000,USD,222000,US,0,US,M
2024,MI,FT,Engineer,250600,USD,250600,US,0,US,M
2025,EN,FT,Research Scientist,173000,USD,173000,US,0,US,M
2025,MI,FT,Associate,147000,USD,147000,US,100,US,M
2023,MI,FT,Data Scientist,225300,USD,225300,US,0,US,M
2025,MI,FT,Manager,221000,USD,221000,US,100,US,M
2024,MI,FT,Data Reporting Analyst,69000,USD,69000,US,0,US,M
2025,MI,FT,Software Engineer,160000,USD,160000,US,0,US,M
2024,MI,FT,Manager,106300,USD,106300,US,0,US,M
2025,MI,FT,Data Scientist,86520,USD,86520,US,0,US,M
2024,MI,FT,Data Engineer,317000,USD,317000,US,0,US,M
2025,MI,FT,Data Scientist,87200,USD,87200,US,0,US,M
2025,MI,FT,Manager,96000,USD,96000,US,0,US,M
2024,MI,FT,Software Developer,140000,USD,140000,US,0,US,M
2025,MI,FT,Developer,189175,USD,189175,US,0,US,M
2024,MI,FT,Analytics Engineer,125000,USD,125000,US,0,US,M
2024,MI,FT,Data Strategist,150000,USD,150000,US,100,US,M
2025,MI,FT,Application Developer,80000,USD,80000,US,0,US,M
2025,MI,FT,Software Engineer,162200,USD,162200,US,0,US,M
2024,MI,FT,Data Engineer,106000,USD,106000,US,0,US,M
2024,MI,FT,Data Scientist,69099,USD,69099,US,100,US,M
2024,MI,FT,Machine Learning Researcher,151800,USD,151800,US,0,US,M
2024,MI,FT,Consultant,101000,USD,101000,US,100,US,M
2024,MI,FT,Analyst,52760,USD,52760,US,0,US,M
2025,MI,FT,Data Engineer,135285,USD,135285,US,100,US,M
2024,EN,FT,Data Analyst,139650,USD,139650,US,0,US,M
2024,MI,FT,Consultant,178000,USD,178000,NL,0,NL,M
2025,MI,FT,Data Engineer,97500,USD,97500,US,0,US,M
2025,MI,FT,Applied Scientist,223400,USD,223400,US,0,US,L
2024,MI,FT,Engineering Manager,229461,USD,229461,US,0,US,M
2024,MI,FT,Cloud Database Administrator,140000,USD,140000,US,100,US,M
2024,MI,FT,Product Designer,110000,USD,110000,US,100,US,M
2025,EN,FT,Data Analyst,144000,USD,144000,US,0,US,M
2024,MI,FT,Data Engineer,167200,USD,167200,US,0,US,M
2024,MI,FT,Data Scientist,108000,USD,108000,US,0,US,M
2025,EN,FT,Data Analyst,100000,USD,100000,US,0,US,M
2023,MI,FT,Data Engineer,130000,USD,130000,US,0,US,M
2024,MI,FT,Manager,145290,USD,145290,US,0,US,M
2023,EN,FT,Data Engineer,52500,USD,52500,US,0,US,M
2024,EN,FT,Data Analyst,85000,USD,85000,US,0,US,M
2025,MI,FT,Data Analyst,113625,USD,113625,US,100,US,M
2024,MI,FT,Solutions Architect,126200,USD,126200,US,0,US,L
2025,MI,FT,Research Engineer,750000,USD,750000,US,100,US,M
2024,MI,FT,Software Engineer,237500,USD,237500,US,0,US,M
2024,MI,FT,Data Analyst,85134,USD,85134,US,0,US,M
2024,MI,FT,Software Engineer,135000,USD,135000,US,100,US,M
2024,EN,FT,Software Engineer,75600,USD,75600,US,0,US,M
2024,MI,FT,Software Engineer,144000,USD,144000,US,0,US,M
2025,MI,FT,Research Engineer,300000,USD,300000,US,0,US,M
2025,MI,FT,Data Scientist,90000,USD,90000,US,0,US,M
2023,MI,FT,BI Developer,75000,USD,75000,US,0,US,M
2024,EN,FT,Data Analyst,132000,USD,132000,US,0,US,M
2024,MI,FT,BI Developer,120525,USD,120525,US,0,US,M
2024,MI,FT,Manager,105000,USD,105000,US,0,US,M
2024,MI,FT,Applied Scientist,136000,USD,136000,US,0,US,L
2024,MI,FT,Machine Learning Engineer,173400,USD,173400,US,0,US,M
2021,EN,FT,Data Scientist,90000,USD,90000,US,100,US,S
2025,MI,FT,Engineer,180000,USD,180000,US,0,US,M
2024,MI,FT,Data Engineer,137000,USD,137000,US,0,US,M
2024,MI,FT,Software Engineer,152000,USD,152000,US,0,US,M
2024,MI,FT,Data Analyst,56854,USD,56854,US,100,US,M
2024,MI,FT,Engineer,150000,USD,150000,US,100,US,M
2024,EN,FT,Analyst,150000,USD,150000,US,100,US,M
2024,MI,FT,Data Integration Engineer,150000,USD,150000,FR,0,FR,M
2024,MI,FT,Manager,81500,USD,81500,US,0,US,M
2024,MI,FT,Data Engineer,188600,USD,188600,US,0,US,M
2025,EN,FT,Research Analyst,74799,USD,74799,US,0,US,M
2024,EN,PT,Developer,55405,USD,55405,US,100,US,M
2024,MI,FT,Data Engineer,140250,USD,140250,US,100,US,M
2024,MI,FT,Data Engineer,227700,USD,227700,US,0,US,M
2024,MI,FT,Research Scientist,212800,USD,212800,US,0,US,M
2025,MI,FT,Data Governance,115000,USD,115000,US,0,US,M
2024,EN,FT,Software Engineer,112320,USD,112320,US,0,US,M
2025,MI,FT,Data Strategist,175000,USD,175000,US,0,US,M
2024,MI,FT,Data Integration Developer,64700,USD,64700,US,100,US,M
2024,MI,FT,Data Scientist,73200,USD,73200,US,0,US,M
2025,MI,FT,Product Manager,121800,USD,121800,US,100,US,M
2024,EN,FT,Analyst,30000,GBP,37500,GB,0,GB,M
2024,MI,FT,Associate,99000,USD,99000,US,0,US,M
2025,MI,FT,Applied Scientist,223400,USD,223400,US,0,US,L
2024,MI,FT,Data Analyst,65000,USD,65000,US,0,US,M
2024,EN,FT,Data Analyst,40000,GBP,50000,GB,0,GB,M
2024,EN,FT,Software Development Engineer,95680,USD,95680,US,0,US,L
2024,EN,FT,Data Management Analyst,60000,USD,60000,US,0,US,M
2025,MI,FT,Machine Learning Engineer,299300,USD,299300,US,0,US,M
2024,MI,FT,Machine Learning Engineer,210000,USD,210000,US,0,US,M
2024,MI,FT,Software Engineer,75600,USD,75600,US,0,US,M
2024,MI,FT,Research Scientist,250000,USD,250000,US,0,US,M
2024,MI,FT,Data Engineer,279400,USD,279400,US,0,US,M
2024,MI,FT,Data Scientist,208000,USD,208000,CA,0,CA,M
2024,MI,FT,Data Scientist,170000,USD,170000,US,0,US,M
2024,MI,FT,Site Reliability Engineer,112065,USD,112065,US,0,US,M
2024,MI,FT,Software Engineer,173000,USD,173000,US,0,US,M
2024,MI,FT,Associate,110000,USD,110000,US,0,US,M
2025,MI,FT,Manager,125000,USD,125000,US,0,US,M
2024,MI,FT,Data Specialist,41027,GBP,51283,GB,0,GB,M
2025,MI,FT,Data Engineer,133400,USD,133400,US,100,US,M
2025,EN,FT,Data Scientist,74000,USD,74000,US,0,US,M
2024,MI,FT,Data Scientist,220000,USD,220000,US,0,US,M
2024,MI,FT,Cloud Engineer,62400,USD,62400,US,100,US,M
2024,EN,FT,Engineer,70000,USD,70000,US,0,US,M
2024,MI,FT,Software Engineer,720000,USD,720000,US,100,US,M
2024,MI,FT,Data Analyst,65000,USD,65000,US,0,US,M
2024,EN,FT,Data Analyst,55000,EUR,61111,FR,0,FR,M
2024,MI,FT,Data Engineer,129000,USD,129000,US,0,US,M
2025,EN,FT,Data Analyst,180000,USD,180000,US,0,US,M
2024,MI,FT,Python Developer,130000,USD,130000,CA,0,CA,M
2025,MI,FT,Engineer,156000,USD,156000,US,0,US,M
2025,MI,FT,Data Engineer,60000,GBP,75949,GB,0,GB,M
2024,MI,FT,Manager,100500,USD,100500,US,100,US,M
2024,MI,FT,Manager,340000,USD,340000,US,0,US,M
2024,EN,FT,Data Analyst,55200,USD,55200,CO,100,CO,M
2024,MI,FT,Research Associate,79000,USD,79000,US,0,US,M
2024,MI,FT,Data Engineer,75600,USD,75600,DE,0,DE,M
2024,EN,FT,Business Analyst,172000,USD,172000,US,0,US,M
2024,MI,FT,Research Engineer,190000,USD,190000,US,100,US,M
2024,MI,FT,Research Scientist,210000,USD,210000,US,0,US,M
2024,MI,FT,Systems Engineer,86000,USD,86000,DE,0,DE,M
2024,MI,FT,Research Scientist,122200,USD,122200,US,100,US,M
2023,MI,FT,Data Analyst,109000,USD,109000,US,0,US,M
2024,EN,FT,Engineer,192300,USD,192300,US,0,US,L
2024,EN,FT,Data Engineer,137000,USD,137000,US,0,US,M
2025,EN,FT,Analyst,106495,USD,106495,US,0,US,M
2024,MI,FT,Data Manager,64000,USD,64000,US,100,US,M
2025,MI,FT,Software Engineer,130000,USD,130000,US,0,US,M
2024,MI,FT,Data Governance Specialist,27600,EUR,30666,SK,0,SK,M
2025,EN,FT,Analyst,119953,USD,119953,US,0,US,M
2025,MI,FT,Data Scientist,210800,USD,210800,US,0,US,M
2024,MI,FT,Software Engineer,173000,USD,173000,US,0,US,M
2025,MI,FT,Analytics Engineer,37000,GBP,46835,GB,0,GB,M
2025,MI,FT,Data Engineer,123000,USD,123000,US,0,US,M
2024,MI,FT,Data Engineer,60300,USD,60300,JP,0,JP,M
2024,MI,FT,Engineer,125000,USD,125000,CA,0,CA,M
2024,MI,FT,Research Scientist,212800,USD,212800,US,0,US,L
2024,MI,FT,Analytics Engineer,130000,USD,130000,US,100,US,M
2023,MI,FT,Data Engineer,148000,USD,148000,US,0,US,M
2025,EN,FT,Software Engineer,170000,USD,170000,US,0,US,M
2025,MI,FT,Data Scientist,205340,USD,205340,US,0,US,M
2024,MI,FT,Software Developer,208800,USD,208800,US,0,US,M
2024,MI,FT,Data Engineer,125000,USD,125000,US,0,US,M
2025,MI,FT,Engineer,75000,USD,75000,US,0,US,M
2025,MI,FT,Data Engineer,110240,USD,110240,US,0,US,M
2024,MI,FT,Data Scientist,162500,USD,162500,CA,0,CA,M
2024,MI,FT,Data Analyst,48067,USD,48067,US,100,US,M
2025,MI,FT,Engineer,178000,USD,178000,US,0,US,M
2024,MI,FT,Associate,32296,GBP,40370,GB,0,GB,M
2024,MI,FT,Software Engineer,218000,USD,218000,US,0,US,M
2025,MI,FT,Research Associate,32296,GBP,40881,GB,0,GB,M
2025,MI,FT,Postdoctoral Fellow,80000,USD,80000,US,0,US,M
2024,MI,FT,Manager,89600,USD,89600,US,0,US,M
2025,EN,FT,Data Analyst,88452,USD,88452,US,0,US,M
2025,MI,FT,Research Analyst,55500,USD,55500,US,0,US,M
2024,MI,FT,Data Scientist,228000,USD,228000,US,0,US,M
2024,MI,FT,Research Engineer,251000,USD,251000,US,0,US,M
2024,MI,FT,Data Engineer,113000,USD,113000,US,0,US,M
2024,MI,FT,Data Engineer,120000,USD,120000,US,0,US,M
2024,MI,FT,Research Engineer,170200,USD,170200,US,0,US,M
2024,EN,FT,Business Intelligence Analyst,128000,USD,128000,US,0,US,M
2025,EN,FT,Data Analyst,68000,USD,68000,US,0,US,M
2025,EN,FT,Business Intelligence Analyst,80000,USD,80000,US,0,US,M
2024,EN,FT,Actuarial Analyst,56000,USD,56000,US,0,US,M
2024,EN,FT,Machine Learning Scientist,208800,USD,208800,US,0,US,M
2024,MI,FT,Machine Learning Engineer,97000,USD,97000,US,0,US,M
2024,EN,FT,Machine Learning Engineer,143400,USD,143400,US,0,US,M
2024,MI,FT,Research Scientist,235400,USD,235400,US,0,US,M
2024,MI,FT,Data Scientist,110630,USD,110630,CA,0,CA,M
2024,EN,FT,Data Scientist,114080,USD,114080,US,0,US,M
2024,MI,FT,Data Engineer,65000,USD,65000,US,0,US,M
2024,MI,FT,Data Engineer,119100,USD,119100,US,0,US,M
2024,MI,FT,Data Manager,123000,USD,123000,US,0,US,M
2024,MI,FT,Data Scientist,183300,USD,183300,US,0,US,M
2025,MI,FT,Manager,109000,USD,109000,CA,0,CA,M
2024,MI,FT,Data Analyst,130000,USD,130000,US,0,US,M
2024,MI,FT,Research Scientist,160000,USD,160000,US,0,US,M
2025,MI,FT,Data Governance,130000,USD,130000,US,0,US,M
2025,EN,FT,Engineer,504000,TWD,15281,TW,0,TW,M
2024,MI,FT,BI Engineer,130000,USD,130000,IE,100,IE,M
2024,MI,FT,Engineer,71727,USD,71727,US,0,US,M
2024,MI,FT,Data Manager,62874,GBP,78592,GB,0,GB,M
2025,MI,FT,Data Product Owner,215000,USD,215000,US,100,US,M
2025,MI,FT,Software Engineer,196600,USD,196600,US,100,US,M
2024,MI,FT,Data Analyst,65000,USD,65000,US,0,US,M
2025,MI,FT,Machine Learning Engineer,250600,USD,250600,US,0,US,M
2024,MI,FT,Engineer,203000,USD,203000,US,0,US,M
2024,MI,FT,Associate,144500,USD,144500,CA,0,CA,M
2024,MI,FT,Data Scientist,153000,USD,153000,US,0,US,M
2024,MI,FT,Business Intelligence Engineer,185000,USD,185000,US,0,US,L
2024,MI,PT,Developer,30000,USD,30000,MX,0,MX,M
2024,EN,FT,Analyst,80000,USD,80000,US,0,US,M
2024,MI,FT,Consultant,174000,USD,174000,US,0,US,M
2024,MI,FT,Data Scientist,94900,USD,94900,US,0,US,M
2024,EN,FT,Data Scientist,164800,USD,164800,US,100,US,M
2025,MI,FT,Data Scientist,112800,USD,112800,CA,0,CA,M
2024,MI,FT,Engineer,128000,USD,128000,US,0,US,M
2025,EN,FT,Data Scientist,35000,EUR,36842,ES,50,ES,L
2024,MI,FT,Applied Scientist,222200,USD,222200,US,0,US,L
2024,EN,FT,Quantitative Analyst,205000,USD,205000,US,0,US,M
2025,EN,FT,Data Analyst,52000,USD,52000,US,0,US,M
2025,MI,FT,Product Manager,180000,USD,180000,US,0,US,M
2024,EN,FT,Data Analyst,190000,USD,190000,US,0,US,M
2023,MI,FT,Data Analyst,75000,USD,75000,US,0,US,M
2024,MI,FT,Applied Scientist,212800,USD,212800,US,0,US,L
2024,MI,FT,Research Scientist,180000,USD,180000,US,100,US,M
2024,MI,FT,Data Analyst,164000,USD,164000,US,100,US,M
2025,MI,FT,Manager,220000,USD,220000,US,0,US,M
2024,MI,FT,Software Engineer,135000,USD,135000,US,0,US,M
2023,MI,FT,Data Engineer,100000,USD,100000,US,100,US,M
2025,MI,FT,Data Specialist,80600,USD,80600,US,0,US,M
2025,EN,FT,Data Analyst,25000,GBP,31645,GB,0,GB,M
2024,MI,FT,Software Engineer,200200,USD,200200,US,0,US,M
2024,MI,FT,Full Stack Engineer,120000,USD,120000,US,100,US,M
2024,MI,FT,Data Engineer,265000,USD,265000,US,0,US,M
2024,EN,FT,Data Analyst,26800,GBP,33500,GB,0,GB,M
2024,MI,FT,Data Engineer,106250,USD,106250,US,0,US,M
2024,EN,FT,Data Analyst,110000,USD,110000,US,0,US,M
2024,MI,FT,Software Developer,265000,USD,265000,US,0,US,M
2024,MI,FT,Data Manager,161000,USD,161000,US,0,US,M
2024,EN,FT,Data Engineer,47000,USD,47000,US,0,US,M
2024,EN,CT,Data Scientist,115102,USD,115102,AU,0,AU,M
2025,MI,FT,Manager,136800,USD,136800,CA,0,CA,M
2024,MI,FT,Data Scientist,99000,USD,99000,US,0,US,M
2025,MI,FT,Software Engineer,184142,USD,184142,US,0,US,M
2024,EN,FT,Research Scientist,150000,USD,150000,US,100,US,M
2025,MI,FT,Software Engineer,140000,USD,140000,US,0,US,M
2024,MI,FT,Machine Learning Engineer,280000,USD,280000,US,0,US,M
2025,MI,FT,Data Engineer,83600,USD,83600,US,0,US,M
2025,MI,FT,Data Scientist,56000,USD,56000,CA,0,CA,M
2024,EN,FT,Data Analyst,26800,GBP,33500,GB,0,GB,M
2024,MI,FT,Machine Learning Engineer,250000,USD,250000,US,0,US,M
2025,EN,FT,Analyst,75000,USD,75000,US,0,US,M
2025,MI,FT,Engineer,151000,USD,151000,US,0,US,M
2024,MI,FT,Engineer,70000,USD,70000,US,0,US,M
2025,MI,FT,Manager,143900,USD,143900,US,0,US,M
2025,MI,FT,Engineer,107104,USD,107104,AU,0,AU,M
2025,EN,FT,Research Analyst,80000,USD,80000,US,0,US,M
2025,MI,FT,Data Product Owner,164400,USD,164400,US,0,US,M
2025,MI,FT,BI Developer,37000,GBP,46835,GB,0,GB,M
2024,MI,FT,Machine Learning Engineer,355000,USD,355000,US,0,US,M
2025,MI,FT,Business Intelligence Developer,62500,USD,62500,US,100,US,M
2024,EN,FT,Data Analyst,47000,USD,47000,US,0,US,M
2024,MI,FT,Data Scientist,168000,USD,168000,US,100,US,M
2025,EN,FT,Data Analyst,115828,USD,115828,US,0,US,M
2024,EN,FT,Data Analyst,24327,GBP,30408,GB,0,GB,M
2024,EN,FT,Data Specialist,65500,USD,65500,US,100,US,M
2024,MI,FT,Research Scientist,160000,USD,160000,US,0,US,M
2025,MI,FT,Manager,150000,USD,150000,US,0,US,M
2025,MI,FT,Data Scientist,210750,USD,210750,US,0,US,M
2025,MI,FT,Data Scientist,50200,EUR,52842,NL,0,NL,M
2024,MI,FT,Data Analyst,90000,USD,90000,CA,0,CA,M
2024,EN,FT,Data Analyst,30000,GBP,37500,GB,0,GB,M
2024,MI,FT,Software Engineer,205000,USD,205000,CA,0,CA,M
2024,MI,FT,Data Scientist,206000,USD,206000,US,0,US,M
2024,MI,FT,Data Integration Engineer,110000,USD,110000,US,0,US,M
2024,MI,FT,Research Scientist,389500,USD,389500,US,0,US,M
2024,MI,FT,Data Engineer,115128,USD,115128,US,0,US,M
2024,MI,FT,Machine Learning Engineer,138900,USD,138900,US,0,US,M
2025,MI,FT,Data Visualization Engineer,82100,USD,82100,US,0,US,M
2024,EN,FT,Data Analyst,92300,USD,92300,US,0,US,M
2025,MI,FT,Engineer,137000,USD,137000,US,0,US,M
2025,MI,FT,Manager,166000,USD,166000,US,100,US,M
2025,MI,FT,Data Management Specialist,115000,USD,115000,US,0,US,M
2021,MI,FT,Data Scientist,130000,USD,130000,US,50,US,L
2024,MI,FT,Data Scientist,106500,USD,106500,US,0,US,M
2024,MI,FT,Engineer,32000,EUR,35555,ES,0,ES,M
2025,MI,FT,Data Manager,103000,USD,103000,US,0,US,M
2024,MI,FT,Data Engineer,50000,USD,50000,US,0,US,M
2024,MI,FT,Data Scientist,106700,USD,106700,US,0,US,M
2025,EN,FT,Analyst,95000,USD,95000,US,0,US,M
2024,EN,FT,Data Analyst,126300,USD,126300,US,0,US,M
2024,MI,FT,Data Analytics Manager,110000,USD,110000,US,0,US,M
2025,EN,FT,Analyst,186000,USD,186000,US,0,US,M
2024,MI,FT,Analyst,158000,USD,158000,US,0,US,M
2024,MI,FT,Data Scientist,90000,USD,90000,US,100,US,M
2025,EN,FT,Data Analyst,35000,EUR,36842,FR,0,FR,M
2025,EN,FT,Data Operations Analyst,65342,USD,65342,US,100,US,M
2024,MI,FT,Machine Learning Engineer,189000,USD,189000,US,0,US,M
2024,MI,FT,Product Manager,204500,USD,204500,US,0,US,M
2023,MI,FT,Data Analyst,105000,USD,105000,US,0,US,M
2025,EN,FT,Data Analyst,40000,EUR,42105,FR,0,FR,M
2025,MI,FT,Product Manager,170000,USD,170000,US,0,US,M
2025,MI,FT,Machine Learning Engineer,364254,USD,364254,US,0,US,M
2025,MI,FT,Data Scientist,260000,USD,260000,US,0,US,M
2024,EN,FT,Data Engineer,75600,USD,75600,US,0,US,M
2024,MI,FT,Data Scientist,90000,USD,90000,US,100,US,M
2024,MI,FT,Data Scientist,329333,USD,329333,US,0,US,M
2025,MI,FT,Software Engineer,155250,USD,155250,US,0,US,M
2024,MI,FT,Manager,180000,USD,180000,US,0,US,M
2024,MI,FT,Applied Scientist,284900,USD,284900,US,0,US,M
2025,EN,FT,Data Analyst,75065,USD,75065,US,0,US,M
2025,EN,FT,Data Analyst,149000,USD,149000,US,100,US,M
2024,MI,FT,Manager,285900,USD,285900,US,0,US,M
2024,EN,FT,Data Analyst,20000,USD,20000,KE,100,KE,M
2024,MI,FT,Data Scientist,150000,USD,150000,US,0,US,M
2025,MI,FT,Engineer,46735,GBP,59158,GB,0,GB,M
2024,EN,FT,Data Analyst,67000,USD,67000,US,0,US,M
2025,MI,FT,Software Engineer,314400,USD,314400,US,0,US,M
2024,MI,FT,Data Scientist,79040,EUR,87822,AT,0,AT,M
2024,MI,FT,Software Engineer,112200,USD,112200,US,0,US,M
2025,MI,PT,Analyst,80000,USD,80000,US,0,US,M
2025,MI,FT,Software Engineer,130000,USD,130000,US,0,US,M
2024,MI,FT,Manager,193000,USD,193000,US,0,US,M
2024,MI,FT,Machine Learning Researcher,163000,USD,163000,US,0,US,M
2024,MI,FT,Software Engineer,180000,USD,180000,US,0,US,M
2025,MI,FT,Engineering Manager,320000,USD,320000,US,0,US,M
2024,MI,FT,Manager,319000,USD,319000,US,0,US,M
2024,MI,FT,Software Developer,90000,USD,90000,US,0,US,M
2025,MI,FT,DevOps Engineer,137860,USD,137860,US,100,US,M
2024,MI,FT,Engineer,128544,USD,128544,US,0,US,M
2024,MI,FT,Manager,360200,USD,360200,US,0,US,M
2024,MI,FT,Machine Learning Infrastructure Engineer,165400,USD,165400,US,0,US,M
2024,EN,FT,Data Analyst,86940,USD,86940,US,0,US,M
2024,MI,FT,Manager,121000,USD,121000,US,0,US,M
2024,EN,FT,Data Scientist,105000,USD,105000,US,0,US,M
2025,MI,FT,Research Scientist,95900,USD,95900,US,0,US,M
2024,MI,FT,Data Operations Manager,105000,USD,105000,US,0,US,M
2025,EN,FT,Engineer,43200,USD,43200,US,0,US,M
2024,MI,FT,Data Scientist,90480,USD,90480,US,100,US,M
2024,MI,FT,Manager,150000,USD,150000,US,0,US,M
2024,MI,FT,Software Engineer,208800,USD,208800,US,0,US,M
2025,EN,FT,Data Analyst,85300,USD,85300,US,0,US,M
2024,MI,FT,Software Engineer,114700,USD,114700,US,0,US,M
2024,MI,FT,Manager,35000,GBP,43750,GB,0,GB,M
2025,MI,FT,Data Engineer,15000000,INR,177367,IN,0,IN,M
2024,MI,FT,Data Scientist,172000,USD,172000,US,0,US,M
2024,MI,FT,Data Analyst,154800,USD,154800,US,0,US,M
2024,EN,FT,Research Analyst,150000,USD,150000,US,0,US,M
2025,EN,FT,Data Engineer,46800,USD,46800,US,100,US,M
2023,MI,FT,Data Analyst,100000,USD,100000,US,100,US,M
2025,EN,FT,Data Analyst,35000,USD,35000,US,0,US,M
2024,MI,FT,Data Analyst,51824,USD,51824,US,0,US,M
2024,MI,FT,Data Engineer,179500,USD,179500,US,0,US,M
2025,EN,FT,Data Analyst,216000,USD,216000,US,0,US,M
2025,MI,FT,Algorithm Developer,180000,USD,180000,US,0,US,M
2025,MI,FT,Software Engineer,237500,USD,237500,US,0,US,M
2025,MI,FT,Associate,146955,USD,146955,US,100,US,M
2025,MI,FT,Engineer,96013,USD,96013,US,100,US,M
2024,EN,FT,Machine Learning Engineer,177000,USD,177000,US,0,US,M
2024,MI,FT,Engineer,96800,USD,96800,US,100,US,M
2024,MI,FT,Machine Learning Engineer,130000,USD,130000,US,0,US,M
2025,EN,FT,Data Analyst,17712,EUR,18644,FR,0,FR,M
2024,MI,FT,Engineering Manager,230000,USD,230000,US,0,US,M
2025,MI,FT,Associate,150000,USD,150000,US,0,US,M
2024,MI,FT,Data Engineer,105000,GBP,131250,GB,0,GB,M
2024,MI,FT,Data Engineer,149300,USD,149300,US,0,US,M
2024,EN,FT,Engineer,95680,USD,95680,US,0,US,L
2025,MI,FT,Associate,85000,USD,85000,US,0,US,M
2023,MI,FT,Data Analyst,134000,USD,134000,US,100,US,M
2024,MI,FT,Research Scientist,136000,USD,136000,US,0,US,M
2024,MI,FT,Software Engineer,190000,USD,190000,US,0,US,M
2024,MI,FT,Data Analyst,205700,USD,205700,US,0,US,M
2024,MI,FT,Software Engineer,208800,USD,208800,US,0,US,M
2024,EN,FT,Developer,150400,USD,150400,US,0,US,M
2024,EN,CT,Data Engineer,80000,USD,80000,US,0,US,M
2024,MI,FT,Research Scientist,146994,USD,146994,US,0,US,M
2024,MI,FT,Data Engineer,199600,USD,199600,US,0,US,M
2025,MI,FT,Engineer,313000,USD,313000,US,0,US,M
2025,MI,FT,Cloud Engineer,74600,USD,74600,US,0,US,M
2024,EN,FT,Software Engineer,173301,USD,173301,US,0,US,M
2023,EN,FT,Business Intelligence Data Analyst,99000,USD,99000,US,100,US,L
2024,EN,FT,Analyst,65000,USD,65000,US,0,US,M
2024,MI,FT,BI Developer,59469,USD,59469,US,100,US,M
2024,EN,FT,Research Engineer,176239,USD,176239,US,0,US,M
2024,MI,FT,Product Manager,338000,USD,338000,US,0,US,M
2024,MI,FT,Associate,115000,USD,115000,US,0,US,M
2025,MI,FT,Data Analyst,137000,USD,137000,US,0,US,M
2024,MI,FT,Engineer,279000,USD,279000,US,0,US,M
2024,MI,FT,Data Scientist,205500,USD,205500,US,0,US,M
2024,MI,FT,Data Scientist,207000,USD,207000,US,100,US,M
2025,MI,FT,Consultant,90000,USD,90000,US,0,US,M
2025,MI,FT,Engineer,169000,USD,169000,US,0,US,M
2024,MI,FT,Data Engineer,103500,USD,103500,US,100,US,M
2024,EN,FT,Data Analyst,140000,USD,140000,US,0,US,M
2025,MI,FT,Engineer,229000,USD,229000,US,0,US,M
2024,MI,FT,Engineer,71727,USD,71727,US,0,US,M
2025,EN,FT,Data Analyst,65000,USD,65000,US,0,US,M
2025,MI,CT,Analyst,73000,USD,73000,CA,0,CA,M
2025,MI,FT,Engineer,280000,USD,280000,US,0,US,M
2024,MI,FT,Data Product Manager,145000,USD,145000,US,100,US,M
2024,EN,FT,Data Analyst,145000,USD,145000,US,0,US,M
2025,MI,FT,Engineer,75000,USD,75000,US,0,US,M
2024,MI,FT,Machine Learning Engineer,180000,USD,180000,US,0,US,M
2025,MI,FT,Product Manager,81100,USD,81100,US,0,US,M
2025,EN,FT,Software Engineer,196000,USD,196000,US,0,US,M
2023,MI,FT,Data Analyst,90000,GBP,110736,GB,0,GB,M
2024,MI,FT,Data Scientist,124800,USD,124800,US,0,US,M
2024,EN,FT,Analyst,64000,USD,64000,US,0,US,M
2024,MI,FT,Research Scientist,208000,USD,208000,US,0,US,M
2024,MI,FT,Data Scientist,142000,USD,142000,US,100,US,M
2024,MI,FT,Data Engineer,135000,USD,135000,US,0,US,M
2024,EN,FT,Data Analyst,70000,USD,70000,US,0,US,M
2025,MI,FT,Analytics Engineer,85000,CAD,60714,CA,0,CA,M
2024,EN,FT,Data Analyst,52000,GBP,65000,GB,0,GB,M
2024,MI,FT,Data Engineer,65300,USD,65300,CA,0,CA,M
2024,MI,FT,Machine Learning Engineer,126000,USD,126000,US,0,US,M
2024,MI,FT,Research Scientist,212800,USD,212800,US,0,US,L
2025,MI,FT,AI Engineer,150000,USD,150000,US,0,US,M
2024,MI,FT,Software Development Engineer,93600,USD,93600,US,0,US,M
2024,MI,FT,Data Analyst,120000,USD,120000,US,100,US,M
2024,MI,FT,Software Engineer,128300,USD,128300,US,0,US,M
2024,MI,FT,Machine Learning Engineer,256500,USD,256500,US,0,US,M
2023,EN,FT,Data Scientist,156450,USD,156450,US,0,US,M
2024,MI,FT,Data Analyst,177777,USD,177777,US,0,US,M
2024,EN,FT,Engineer,62000,USD,62000,CA,0,CA,M
2025,MI,FT,Software Engineer,251000,USD,251000,US,0,US,M
2024,EN,FT,Data Analyst,93000,USD,93000,US,0,US,M
2025,MI,FT,Machine Learning Engineer,220000,USD,220000,US,0,US,M
2025,MI,FT,Data Scientist,173040,USD,173040,US,0,US,M
2025,EN,FT,Data Analyst,103646,USD,103646,US,0,US,M
2024,EN,FT,Data Analyst,100000,USD,100000,US,0,US,M
2024,MI,FT,Data Visualization Engineer,65000,USD,65000,US,100,US,M
2024,MI,FT,Site Reliability Engineer,266000,USD,266000,US,0,US,M
2025,MI,FT,Data Scientist,189600,USD,189600,US,100,US,M
2024,MI,FT,Engineer,166600,USD,166600,US,0,US,M
2023,MI,FT,Data Analyst,149000,USD,149000,US,0,US,M
2024,MI,FT,Data Scientist,287800,USD,287800,US,0,US,M
2025,MI,FT,Systems Engineer,211000,USD,211000,US,0,US,M
2024,MI,FT,Data Developer,120000,USD,120000,US,0,US,M
2023,MI,FT,Data Operations Analyst,65100,USD,65100,US,100,US,M
2025,MI,FT,Data Engineer,118900,USD,118900,US,0,US,L
2024,MI,FT,Associate,136800,USD,136800,US,0,US,M
2024,EN,FT,Data Analyst,75000,USD,75000,US,0,US,M
2024,EN,FT,Data Analyst,18000,USD,18000,CL,100,CL,M
2024,MI,FT,Manager,91800,USD,91800,US,0,US,M
2024,MI,FT,Data Scientist,172000,USD,172000,US,0,US,M
2024,MI,FT,Data Scientist,329333,USD,329333,US,0,US,M
2025,MI,FT,Engineer,252000,USD,252000,US,0,US,M
2024,EN,FT,Data Analyst,71800,USD,71800,US,0,US,M
2024,MI,FT,Data Specialist,54000,USD,54000,US,0,US,M
2024,MI,FT,Research Scientist,157900,USD,157900,US,0,US,M
2025,EN,FT,Analyst,93000,CAD,66428,CA,0,CA,M
2025,MI,FT,Software Engineer,155000,USD,155000,US,0,US,M
2024,MI,FT,Analytics Engineer,90000,USD,90000,CA,100,CA,M
2024,MI,FT,Data Scientist,105500,USD,105500,US,100,US,M
2024,MI,FT,Data Product Manager,60000,GBP,75000,US,0,US,M
2024,MI,FT,Software Engineer,172000,USD,172000,US,0,US,M
2024,MI,FT,Machine Learning Engineer,240000,USD,240000,US,0,US,M
2025,MI,FT,Engineer,150000,USD,150000,US,0,US,M
2025,MI,FT,Software Engineer,71000,EUR,74736,ES,100,ES,M
2024,MI,FT,Decision Scientist,123000,USD,123000,US,0,US,M
2024,MI,FT,Data Engineer,150280,USD,150280,US,0,US,M
2023,MI,FT,BI Analyst,110000,USD,110000,US,0,US,M
2025,MI,FT,Data Scientist,90300,USD,90300,US,0,US,M
2025,MI,FT,Data Scientist,200000,USD,200000,US,100,US,M
2024,MI,FT,Data Scientist,159865,USD,159865,US,100,US,M
2025,EN,FT,Software Development Engineer,94100,USD,94100,US,0,US,M
2024,MI,FT,Data Engineer,132000,USD,132000,US,100,US,M
2025,EN,FT,Data Analyst,95000,USD,95000,US,100,US,M
2025,EN,FT,Data Analyst,78000,CAD,55714,CA,0,CA,M
2025,MI,FT,Data Engineer,151440,USD,151440,US,0,US,M
2024,MI,FT,Systems Engineer,215000,USD,215000,US,0,US,M
2024,MI,FT,Data Scientist,75000,USD,75000,US,0,US,M
2024,MI,FT,Data Scientist,88566,USD,88566,CA,0,CA,M
2022,MI,FT,Machine Learning Engineer,95000,GBP,116976,GB,0,GB,M
2024,EN,FT,Data Analyst,65000,USD,65000,US,0,US,M
2024,MI,FT,Data Scientist,96600,USD,96600,US,0,US,M
2024,MI,FT,Software Engineer,208800,USD,208800,US,0,US,M
2025,MI,FT,Software Engineer,60000,GBP,75949,GB,0,GB,M
2024,MI,FT,Manager,196225,USD,196225,US,0,US,M
2024,MI,FT,Data Engineer,143500,USD,143500,US,100,US,M
2025,MI,FT,Software Developer,96400,USD,96400,US,0,US,M
2024,MI,FT,Data Specialist,68850,USD,68850,US,0,US,M
2025,MI,FT,Research Scientist,177000,USD,177000,US,0,US,M
2025,MI,FT,Data Scientist,75600,USD,75600,US,0,US,M
2025,MI,FT,Engineer,136300,USD,136300,US,0,US,M
2025,MI,FT,Data Scientist,132849,USD,132849,US,0,US,M
2022,MI,FT,Data Engineer,150000,USD,150000,US,100,US,M
2024,EN,FT,Business Intelligence Analyst,69000,USD,69000,US,0,US,M
2024,MI,FT,Data Scientist,128000,USD,128000,US,0,US,M
2025,MI,FT,Consultant,98300,USD,98300,US,0,US,M
2024,MI,FT,Data Engineer,69858,USD,69858,US,100,US,M
2024,MI,FT,Data Engineer,125680,USD,125680,US,0,US,M
2024,EN,FT,Data Analyst,201100,USD,201100,US,0,US,L
2024,MI,FT,Machine Learning Engineer,240000,USD,240000,US,0,US,M
2025,EN,FT,Consultant,83000,USD,83000,US,0,US,M
2024,MI,FT,Research Engineer,425000,USD,425000,US,0,US,M
2024,MI,FT,Data Engineer,237500,USD,237500,US,0,US,M
2025,MI,FT,Engineer,146000,USD,146000,US,0,US,M
2025,EN,FT,Data Analyst,56040,USD,56040,US,0,US,M
2024,MI,FT,Data Engineer,60400,USD,60400,US,0,US,M
2025,MI,FT,Data Scientist,154100,USD,154100,US,0,US,M
2024,EN,FT,Data Analyst,54600,USD,54600,US,0,US,M
2024,MI,FT,AI Engineer,156100,USD,156100,US,100,US,M
2025,MI,FT,Manager,122500,USD,122500,US,0,US,M
2024,MI,FT,Data Integration Specialist,90459,USD,90459,US,100,US,M
2025,MI,FT,AI Engineer,150000,USD,150000,CA,0,CA,M
2024,EN,FT,Data Engineer,70824,USD,70824,US,0,US,M
2023,MI,FT,Data Scientist,160000,USD,160000,US,100,US,M
2023,MI,FT,Data Scientist,142200,USD,142200,US,0,US,M
2025,MI,FT,Data Manager,155000,USD,155000,US,0,US,M
2024,MI,FT,Data Scientist,196900,USD,196900,US,0,US,M
2025,MI,FT,Analytics Engineer,146000,USD,146000,US,0,US,M
2024,MI,FT,Data Scientist,196900,USD,196900,US,0,US,M
2023,MI,FT,Data Strategist,65000,USD,65000,US,0,US,M
2024,MI,FT,Data Scientist,119800,USD,119800,US,100,US,M
2024,MI,FT,Manager,234240,USD,234240,US,0,US,M
2025,MI,FT,Data Infrastructure Engineer,130000,USD,130000,US,100,US,M
2024,EN,FT,Developer,32000,USD,32000,US,0,US,M
2024,MI,FT,Software Engineer,232000,USD,232000,US,0,US,M
2025,MI,FT,Head of Data,185000,USD,185000,US,0,US,M
2024,MI,FT,Data Engineer,130000,USD,130000,US,0,US,M
2024,EN,FT,Data Scientist,172000,USD,172000,US,0,US,M
2023,MI,FT,Data Scientist,105000,USD,105000,US,0,US,M
2024,MI,FT,Data Scientist,131200,USD,131200,US,0,US,M
2024,MI,FT,Data Scientist,138900,USD,138900,US,0,US,M
2024,EN,FT,Data Analyst,120012,USD,120012,US,0,US,M
2025,EN,FT,Data Analyst,110000,USD,110000,US,0,US,M
2024,EN,CT,Software Engineer,18000,USD,18000,MX,100,MX,M
2025,MI,FT,Consultant,54000,USD,54000,US,0,US,M
2024,MI,FT,Software Engineer,117600,USD,117600,US,0,US,M
2025,EN,FT,Data Analyst,80000,USD,80000,US,100,US,M
2024,MI,FT,Data Engineer,104668,USD,104668,AU,0,AU,M
2024,MI,FT,Business Intelligence Engineer,172000,USD,172000,US,0,US,M
2024,EN,FT,Software Engineer,144000,USD,144000,US,0,US,M
2024,MI,FT,Manager,145860,USD,145860,US,0,US,M
2024,EN,FT,Data Analyst,80000,USD,80000,US,0,US,M
2024,MI,FT,Engineer,114400,USD,114400,US,0,US,M
2024,MI,FT,Manager,150000,USD,150000,US,0,US,M
2024,EN,FT,Research Analyst,101846,USD,101846,US,0,US,M
2025,EN,FT,AI Scientist,146325,USD,146325,US,0,US,M
2025,MI,FT,Software Development Engineer,108000,USD,108000,US,0,US,M
2025,EN,FT,Data Analyst,35317,USD,35317,US,0,US,M
2024,EN,FT,Data Quality Analyst,77000,USD,77000,US,0,US,M
2025,MI,FT,Engineer,235000,USD,235000,US,0,US,M
2024,MI,FT,Machine Learning Engineer,205000,USD,205000,CA,0,CA,M
2024,MI,FT,Data Scientist,172000,USD,172000,US,0,US,M
2024,MI,FT,Manager,155000,USD,155000,US,0,US,M
2024,MI,FT,Software Engineer,297000,USD,297000,US,0,US,M
2024,MI,FT,Data Engineer,165000,USD,165000,US,100,US,M
2024,MI,FT,Research Scientist,112000,USD,112000,US,0,US,M
2024,MI,FT,Machine Learning Engineer,133903,USD,133903,US,100,US,M
2025,MI,FT,Associate,70000,USD,70000,US,100,US,L
2024,MI,FT,Data Scientist,212800,USD,212800,US,0,US,L
2024,MI,FT,Business Intelligence,150000,USD,150000,US,0,US,M
2025,MI,FT,Data Operations Manager,365000,USD,365000,US,0,US,M
2025,MI,FT,Data Engineer,68600,USD,68600,US,100,US,M
2025,MI,FT,Analytics Engineer,150000,USD,150000,US,100,US,M
2024,MI,FT,Machine Learning Engineer,93000,USD,93000,US,0,US,M
2025,MI,FT,Analyst,120000,USD,120000,US,0,US,M
2024,EN,FT,Engineer,37000,USD,37000,US,0,US,M
2024,MI,FT,Software Engineer,130900,USD,130900,US,0,US,M
2025,MI,FT,Analyst,60000,USD,60000,US,100,US,M
2024,EN,FT,Data Scientist,55000,EUR,61111,DE,50,DE,M
2024,MI,FT,Data Scientist,24950,GBP,31187,GB,0,GB,M
2025,MI,FT,Data Scientist,47676,EUR,50185,NL,0,NL,M
2024,MI,FT,Product Manager,264000,USD,264000,US,0,US,M
2024,MI,FT,Product Manager,120000,USD,120000,US,0,US,M
2024,EN,FT,Data Analyst,131300,USD,131300,US,0,US,M
2024,MI,FT,Machine Learning Engineer,160000,USD,160000,US,0,US,M
2024,MI,FT,Software Engineer,159600,USD,159600,CA,0,CA,M
2025,MI,FT,Product Manager,156000,USD,156000,US,0,US,M
2024,MI,FT,Software Engineer,98300,USD,98300,US,0,US,M
2023,MI,FT,Data Engineer,99000,USD,99000,US,0,US,M
2025,MI,FT,Analyst,97900,USD,97900,US,0,US,M
2024,MI,FT,Data Scientist,130425,USD,130425,US,0,US,M
2025,MI,FT,Manager,106300,USD,106300,US,0,US,M
2024,EN,FT,Data Analyst,46000,USD,46000,US,0,US,M
2024,MI,FT,Data Scientist,170000,USD,170000,US,0,US,M
2024,MI,FT,Data Engineer,120000,USD,120000,US,0,US,M
2024,EN,FT,Data Analyst,24327,GBP,30408,GB,0,GB,M
2024,EN,FT,Research Analyst,152000,USD,152000,US,0,US,M
2023,MI,FT,Data Engineer,140000,USD,140000,US,0,US,M
2024,MI,FT,Data Scientist,127000,USD,127000,US,0,US,M
2024,EN,FT,Data Operations Analyst,100000,USD,100000,US,100,US,M
2024,MI,FT,Data Analyst,107349,USD,107349,AU,0,AU,M
2024,MI,FT,Site Reliability Engineer,266000,USD,266000,US,0,US,M
2025,MI,FT,Python Developer,100000,USD,100000,US,0,US,M
2024,MI,FT,Data Scientist,228000,USD,228000,US,0,US,M
2024,MI,FT,Engineer,143100,USD,143100,US,0,US,M
2025,MI,FT,Data Scientist,172000,USD,172000,US,0,US,M
2022,MI,FT,Data Scientist,85000,EUR,89306,NL,0,NL,M
2024,MI,FT,Business Intelligence Engineer,130000,USD,130000,US,100,US,M
2024,MI,FT,Software Engineer,145000,USD,145000,US,0,US,M
2025,EN,FT,Data Management Analyst,112000,USD,112000,US,0,US,M
2025,EN,FT,Research Scientist,168100,USD,168100,US,100,US,M
2024,MI,FT,Engineer,100000,USD,100000,US,100,US,M
2024,MI,FT,Machine Learning Engineer,220000,USD,220000,US,0,US,M
2025,EN,FT,Data Analyst,20000,GBP,25316,GB,0,GB,M
2024,MI,FT,Data Engineer,180000,USD,180000,US,100,US,M
2025,EN,FT,Data Analyst,125000,USD,125000,US,0,US,M
2020,MI,FT,Data Engineer,61500,EUR,70139,FR,50,FR,L
2024,MI,FT,Software Engineer,175000,USD,175000,US,0,US,M
2024,MI,FT,Associate,80000,USD,80000,US,0,US,M
2025,MI,FT,Data Scientist,175900,USD,175900,US,0,US,M
2024,EN,FT,Data Scientist,98300,USD,98300,US,0,US,M
2023,MI,FT,Data Engineer,70000,USD,70000,US,100,US,M
2023,EN,FT,Business Intelligence Analyst,96412,USD,96412,US,0,US,M
2025,MI,FT,Software Engineer,300000,USD,300000,US,0,US,M
2023,MI,FT,Data Engineer,50000,GBP,61520,GB,100,GB,M
2024,EN,FT,Analyst,70000,USD,70000,US,0,US,M
2024,MI,FT,Machine Learning Engineer,180000,USD,180000,CA,0,CA,M
2025,EN,FT,Analyst,80000,USD,80000,US,0,US,M
2024,EN,FT,Data Analyst,64500,USD,64500,US,0,US,M
2025,EN,FT,Data Operations Analyst,85000,USD,85000,US,0,US,M
2025,MI,FT,Product Manager,375000,USD,375000,US,0,US,M
2025,MI,FT,Manager,286300,USD,286300,US,0,US,M
2023,MI,FT,Insight Analyst,42000,GBP,51676,GB,0,GB,M
2024,MI,FT,Research Scientist,136000,USD,136000,US,0,US,L
2024,MI,FT,Data Scientist,87120,USD,87120,US,100,US,M
2024,MI,FT,Data Engineer,196900,USD,196900,US,0,US,M
2024,MI,FT,Data Scientist,136000,USD,136000,US,0,US,M
2024,MI,FT,Data Analyst,143100,USD,143100,US,0,US,L
2024,MI,FT,Data Analyst,101000,USD,101000,US,100,US,M
2024,EN,FT,Engineer,192300,USD,192300,US,0,US,L
2024,MI,FT,Business Intelligence Developer,97000,USD,97000,US,0,US,M
2023,MI,FT,Analytics Engineer,190000,USD,190000,CA,100,CA,M
2024,EN,FT,Data Analyst,130000,USD,130000,US,0,US,M
2025,MI,FT,Data Engineer,75000,USD,75000,US,0,US,M
2024,MI,FT,Data Engineer,102500,USD,102500,US,0,US,M
2024,MI,FT,Product Manager,207800,USD,207800,US,0,US,M
2024,EN,FT,Research Engineer,118800,USD,118800,US,0,US,M
2023,MI,FT,Data Scientist,45000,EUR,48585,ES,0,ES,M
2024,EN,FT,Product Analyst,156000,USD,156000,US,0,US,M
2025,MI,FT,Engineer,166000,USD,166000,US,0,US,M
2024,EN,FT,Data Analyst,75600,USD,75600,AU,0,AU,M
2024,MI,FT,Data Specialist,60400,USD,60400,US,0,US,M
2024,MI,FT,Data Engineer,45000,GBP,56250,GB,0,GB,M
2024,MI,FT,Data Scientist,44322,GBP,55402,GB,0,GB,M
2024,MI,FT,Software Engineer,54000,USD,54000,US,100,US,M
2024,MI,FT,Manager,60300,USD,60300,US,0,US,M
2022,EN,FT,Data Scientist,50000,USD,50000,US,50,DE,M
2024,MI,FT,Manager,81500,USD,81500,US,0,US,M
2025,MI,FT,Software Engineer,207000,USD,207000,US,0,US,M
2025,MI,FT,Manager,220000,USD,220000,US,0,US,M
2024,MI,FT,Research Scientist,251000,USD,251000,US,0,US,M
2025,MI,FT,Data Engineer,91789,USD,91789,CA,0,CA,M
2024,MI,FT,Data Analyst,113000,USD,113000,US,0,US,M
2024,MI,FT,Manager,75100,USD,75100,US,0,US,M
2024,EN,PT,Data Analyst,68000,USD,68000,US,100,US,M
2025,MI,FT,Associate,116200,USD,116200,US,0,US,M
2025,EN,FT,Engineer,142000,USD,142000,US,0,US,M
2024,MI,FT,Data Engineer,106300,USD,106300,US,0,US,M
2024,MI,FT,Data Engineer,154500,USD,154500,US,0,US,M
2024,MI,FT,Software Engineer,154000,USD,154000,US,0,US,M
2025,MI,FT,Machine Learning Engineer,120700,USD,120700,US,0,US,M
2024,EN,FT,Research Scientist,194750,USD,194750,US,0,US,M
2025,MI,FT,Engineer,252000,USD,252000,US,0,US,M
2025,MI,FT,Associate,140000,USD,140000,US,0,US,M
2025,MI,FT,Research Engineer,165000,USD,165000,US,0,US,M
2025,MI,CT,Engineer,100000,USD,100000,US,100,US,M
2024,MI,FT,Software Engineer,125000,USD,125000,US,0,US,M
2024,MI,FT,Engineer,300000,USD,300000,US,0,US,M
2024,MI,FT,Data Engineer,95722,USD,95722,US,0,US,M
2024,EN,FT,Data Scientist,137000,USD,137000,US,0,US,M
2024,MI,FT,Engineer,160000,USD,160000,US,0,US,M
2024,MI,FT,Business Intelligence Engineer,76000,USD,76000,US,0,US,M
2024,MI,FT,Machine Learning Engineer,170000,USD,170000,US,0,US,M
2024,EN,FT,Machine Learning Engineer,129200,USD,129200,US,0,US,M
2025,MI,FT,Software Engineer,79000,USD,79000,US,100,US,M
2025,MI,FT,Machine Learning Engineer,143100,USD,143100,US,0,US,M
2024,EN,PT,Business Intelligence Engineer,151260,USD,151260,US,0,US,L
2025,EN,FT,Analyst,70000,USD,70000,US,0,US,M
2024,MI,FT,Data Scientist,178250,USD,178250,US,0,US,M
2025,EN,FT,Data Engineer,120000,USD,120000,US,100,US,M
2024,MI,FT,Associate,92000,USD,92000,CA,0,CA,M
2022,MI,FT,NLP Engineer,198000,PLN,44365,PL,100,PL,S
2025,MI,FT,Research Engineer,141340,USD,141340,US,0,US,M
2024,MI,FT,Research Engineer,157679,USD,157679,US,0,US,M
2024,MI,FT,Data Engineer,120800,USD,120800,US,0,US,M
2024,MI,FT,Data Engineer,209000,USD,209000,US,0,US,M
2024,MI,FT,Data Scientist,86100,USD,86100,CA,0,CA,M
2024,MI,FT,Manager,70000,GBP,87500,GB,0,GB,M
2025,MI,FT,Data Scientist,170000,USD,170000,US,100,US,M
2024,MI,FT,Research Scientist,143000,USD,143000,US,0,US,M
2024,MI,FT,Research Scientist,177000,USD,177000,US,0,US,M
2024,MI,FT,Data Scientist,245000,USD,245000,US,0,US,M
2024,EN,FT,Product Manager,130000,USD,130000,US,0,US,M
2024,MI,FT,Data Engineer,88000,USD,88000,US,0,US,M
2025,EN,FT,Analyst,43200,USD,43200,US,0,US,M
2024,MI,FT,Data Scientist,116000,USD,116000,US,0,US,M
2024,EN,FT,Analyst,93800,USD,93800,US,0,US,M
2024,MI,FT,Machine Learning Engineer,237500,USD,237500,US,0,US,M
2025,EN,FT,Data Analyst,138000,USD,138000,US,100,US,M
2024,MI,FT,Data Engineer,125000,USD,125000,US,0,US,M
2024,MI,FT,Data Scientist,212000,USD,212000,US,0,US,M
2024,MI,FT,Data Engineer,209720,USD,209720,US,0,US,M
2024,MI,FT,Software Engineer,141340,USD,141340,US,0,US,M
2025,MI,FT,Data Scientist,45000,GBP,56962,GB,0,GB,M
2024,MI,FT,Data Scientist,93890,USD,93890,US,0,US,M
2025,EN,FT,Data Engineer,200000,USD,200000,US,0,US,M
2024,MI,FT,Data Scientist,135450,USD,135450,US,100,US,M
2024,MI,FT,Machine Learning Engineer,171903,USD,171903,US,0,US,M
2025,MI,FT,Product Manager,140000,USD,140000,US,100,US,M
2024,MI,FT,Software Engineer,158200,USD,158200,US,0,US,M
2024,MI,FT,Data Scientist,250000,USD,250000,US,0,US,M
2023,MI,FT,Data Scientist,185000,USD,185000,US,0,US,M
2023,MI,FT,Machine Learning Infrastructure Engineer,171600,USD,171600,US,0,US,M
2024,EN,FT,AI Engineer,28800,EUR,32000,LT,0,LT,M
2024,MI,FT,Data Engineer,91200,USD,91200,US,0,US,M
2025,MI,FT,Data Engineer,94500,USD,94500,US,100,US,M
2024,MI,FT,Manager,65000,GBP,81250,GB,0,GB,M
2023,MI,FT,Data Scientist,192000,USD,192000,US,0,US,M
2025,EN,FT,Engineer,119600,USD,119600,US,0,US,M
2025,MI,FT,Data Analyst,110000,USD,110000,US,100,US,M
2025,MI,FT,Engineering Manager,171000,USD,171000,US,0,US,M
2022,EN,FT,Data Scientist,80000,USD,80000,US,100,US,L
2024,MI,FT,Software Engineer,180000,USD,180000,US,100,US,M
2024,MI,FT,Data Scientist,172000,USD,172000,US,0,US,M
2024,EN,FT,Data Analyst,140000,USD,140000,US,0,US,M
2024,MI,FT,Data Analyst,70000,USD,70000,US,0,US,M
2024,MI,FT,Research Scientist,109000,USD,109000,US,0,US,M
2024,EN,FT,Data Quality Analyst,66000,USD,66000,US,0,US,M
2024,MI,FT,Manager,152375,USD,152375,US,100,US,M
2025,MI,FT,Data Engineer,123000,USD,123000,US,0,US,M
2025,MI,FT,Engineer,95900,USD,95900,US,0,US,M
2024,MI,FT,Data Scientist,202800,USD,202800,US,0,US,M
2024,MI,FT,Applied Scientist,136000,USD,136000,US,0,US,L
2025,EN,FT,Data Analyst,120000,USD,120000,US,0,US,M
2025,MI,FT,BI Developer,87000,USD,87000,US,100,US,M
2024,MI,FT,AI Engineer,100000,USD,100000,US,100,US,M
2025,MI,FT,Software Engineer,89400,USD,89400,US,0,US,M
2024,MI,FT,Software Engineer,220000,USD,220000,US,0,US,M
2024,MI,FT,Data Engineer,96838,USD,96838,US,0,US,M
2025,MI,FT,Manager,74400,EUR,78315,NL,0,NL,M
2025,EN,FT,Data Integration Analyst,56000,USD,56000,US,100,US,M
2024,EN,FT,Data Analyst,150000,USD,150000,US,100,US,M
2024,MI,FT,Software Engineer,200000,USD,200000,US,0,US,M
2025,EN,FT,Analyst,110400,USD,110400,US,0,US,M
2024,MI,FT,Software Engineer,176000,USD,176000,US,0,US,M
2024,MI,FT,Data Engineer,123000,USD,123000,US,0,US,M
2024,MI,FT,Data Infrastructure Engineer,189000,USD,189000,US,0,US,M
2024,MI,FT,Data Engineer,158000,USD,158000,US,0,US,M
2025,MI,FT,Engineer,128544,USD,128544,US,0,US,M
2025,MI,FT,Risk Analyst,159200,USD,159200,US,100,US,M
2024,EN,FT,Data Analyst,90000,USD,90000,US,100,US,M
2025,MI,FT,Applied Scientist,208800,USD,208800,US,0,US,M
2024,EN,FT,Data Analyst,52300,USD,52300,US,0,US,M
2023,EN,FT,Data Analyst,75000,USD,75000,US,100,US,M
2024,MI,FT,Associate,250000,USD,250000,US,0,US,M
2024,MI,FT,Data Scientist,196900,USD,196900,US,0,US,M
2025,EN,FT,Engineer,170000,USD,170000,US,0,US,M
2024,MI,FT,Analyst,108557,USD,108557,US,100,US,M
2025,MI,FT,Data Management Specialist,42600,EUR,44842,LT,0,LT,M
2024,MI,FT,Data Scientist,72100,USD,72100,US,0,US,M
2024,EN,FT,Data Analyst,206250,USD,206250,US,0,US,M
2024,MI,FT,Data Engineer,145000,USD,145000,US,100,US,M
2023,MI,FT,Machine Learning Engineer,300000,USD,300000,US,0,US,M
2025,MI,FT,Engineering Manager,253000,USD,253000,US,100,US,M
2025,MI,FT,Data Scientist,140600,USD,140600,US,0,US,M
2024,MI,FT,Research Engineer,83000,USD,83000,US,0,US,M
2025,MI,FT,Manager,120000,USD,120000,US,0,US,M
2025,MI,CT,Data Operations Specialist,50000,USD,50000,US,100,US,M
2025,MI,FT,Research Associate,110000,USD,110000,US,0,US,M
2025,MI,FT,Data Scientist,75600,USD,75600,US,0,US,M
2024,EN,FT,Platform Engineer,250000,USD,250000,US,0,US,M
2025,MI,FT,Software Engineer,300000,USD,300000,US,0,US,M
2024,EN,FT,Insight Analyst,70000,USD,70000,US,100,US,M
2024,MI,FT,Data Engineer,117000,EUR,130000,DE,0,DE,L
2024,MI,FT,Data Engineer,114750,USD,114750,US,0,US,M
2024,EN,FT,Data Analyst,128355,USD,128355,US,0,US,M
2024,MI,FT,Machine Learning Engineer,72700,USD,72700,US,0,US,M
2025,MI,FT,Engineering Manager,142200,USD,142200,US,0,US,M
2024,EN,FT,Research Assistant,110240,USD,110240,US,0,US,M
2025,MI,FT,Data Scientist,155000,USD,155000,US,0,US,M
2025,MI,FT,Manager,261000,USD,261000,US,0,US,M
2025,MI,FT,Data Engineer,264000,BRL,43349,BR,100,BR,M
2024,MI,FT,Research Scientist,208000,USD,208000,US,0,US,M
2024,MI,FT,Research Engineer,240240,USD,240240,US,0,US,M
2025,MI,FT,BI Engineer,158500,USD,158500,US,0,US,M
2024,MI,FT,BI Developer,120000,USD,120000,US,0,US,M
2024,MI,FT,Engineering Manager,190000,USD,190000,US,100,US,M
2025,EN,FT,Analyst,93750,USD,93750,US,100,US,M
2023,MI,FT,Data Engineer,162500,USD,162500,US,0,US,M
2024,MI,FT,Engineer,140000,USD,140000,US,100,US,M
2025,MI,FT,AI Engineer,440000,USD,440000,US,0,US,M
2024,MI,FT,Data Scientist,172200,USD,172200,US,0,US,M
2024,EN,FT,Research Scientist,129960,USD,129960,US,0,US,M
2025,EN,FT,Data Analyst,33000,EUR,34736,LT,0,LT,M
2025,MI,FT,Product Manager,125000,USD,125000,US,0,US,M
2024,MI,FT,Data Engineer,96450,USD,96450,US,100,US,M
2025,EN,FT,Data Analyst,105914,USD,105914,US,0,US,M
2024,MI,FT,Software Engineer,143100,USD,143100,US,0,US,M
2024,MI,FT,Data Scientist,106700,USD,106700,US,0,US,M
2025,MI,FT,Manager,157000,USD,157000,US,0,US,M
2025,EN,FT,Software Engineer,108000,USD,108000,US,0,US,M
2025,MI,FT,Data Scientist,120000,USD,120000,US,0,US,M
2024,MI,FT,Data Scientist,97875,USD,97875,US,0,US,M
2024,MI,FT,Machine Learning Engineer,300000,USD,300000,US,0,US,M
2025,MI,FT,Engineer,225000,USD,225000,US,100,US,M
2025,EN,FT,Data Analyst,42662,USD,42662,US,0,US,M
2024,MI,FT,Data Engineer,91900,EUR,102111,ES,100,ES,M
2025,MI,FT,Associate,72500,USD,72500,US,0,US,M
2023,MI,FT,Machine Learning Engineer,150000,USD,150000,US,100,US,M
2025,MI,FT,Data Scientist,123800,USD,123800,US,0,US,M
2024,MI,FT,Engineering Manager,350000,USD,350000,US,0,US,M
2024,MI,FT,Manager,160520,USD,160520,US,100,US,M
2024,MI,FT,Manager,95333,USD,95333,US,100,US,M
2024,MI,FT,Manager,194000,USD,194000,US,0,US,M
2025,EN,FT,Analyst,80000,USD,80000,US,0,US,M
2024,MI,FT,Manager,105400,USD,105400,US,0,US,M
2025,MI,FT,Engineer,346000,USD,346000,US,0,US,M
2025,MI,FT,Data Analyst,75000,USD,75000,US,0,US,M
2025,MI,FT,Engineer,75600,USD,75600,US,0,US,M
2024,MI,FT,Data Manager,128000,USD,128000,US,0,US,M
2024,MI,FT,Data Scientist,131200,USD,131200,US,100,US,M
2025,EN,FT,Data Analyst,56500,USD,56500,US,0,US,M
2024,MI,FT,Associate,175000,USD,175000,US,0,US,M
2022,MI,FT,Data Scientist,102100,USD,102100,US,0,US,M
2025,MI,FT,AI Engineer,162000,USD,162000,US,0,US,M
2024,MI,FT,Manager,196720,USD,196720,US,0,US,M
2022,MI,FT,Data Engineer,118000,USD,118000,US,100,US,M
2025,EN,PT,Data Scientist,137000,USD,137000,US,0,US,M
2025,MI,FT,Software Engineer,300000,USD,300000,US,100,US,M
2024,MI,FT,Data Analyst,60900,USD,60900,US,0,US,M
2024,MI,FT,Data Scientist,150000,USD,150000,US,0,US,M
2024,MI,FT,Machine Learning Engineer,260000,USD,260000,US,0,US,M
2024,MI,FT,Data Scientist,176000,USD,176000,US,0,US,M
2024,MI,FT,Manager,126500,USD,126500,US,100,US,M
2024,MI,FT,Manager,114500,USD,114500,US,0,US,M
2024,EN,FT,Business Intelligence Analyst,45000,GBP,56250,GB,0,GB,M
2024,MI,FT,Data Scientist,140000,USD,140000,US,0,US,M
2024,MI,FT,Machine Learning Engineer,75600,USD,75600,US,0,US,M
2024,EN,FT,Data Analyst,55200,USD,55200,AR,100,AR,M
2025,MI,FT,Software Developer,79000,USD,79000,US,0,US,M
2023,MI,FT,Data Manager,80000,USD,80000,US,0,US,M
2024,MI,FT,Data Engineer,79643,USD,79643,US,0,US,M
2025,MI,FT,Data Product Manager,149000,USD,149000,US,100,US,M
2024,MI,FT,Product Manager,98000,USD,98000,IN,0,IN,M
2025,MI,FT,Product Manager,156250,USD,156250,US,0,US,M
2024,MI,FT,Data Scientist,95776,USD,95776,US,100,US,M
2024,MI,FT,Research Engineer,251000,USD,251000,US,100,US,M
2023,MI,FT,Data Scientist,230000,USD,230000,US,0,US,M
2025,MI,FT,Associate,79900,USD,79900,US,0,US,M
2024,EN,FT,Data Analyst,88000,USD,88000,US,0,US,M
2024,EN,FT,Data Specialist,46000,USD,46000,CA,0,CA,M
2024,EN,FT,Data Analyst,111510,USD,111510,US,100,US,M
2024,MI,FT,Statistical Programmer,65000,USD,65000,US,100,US,M
2025,MI,FT,Software Engineer,129300,USD,129300,US,0,US,L
2024,MI,FT,Data Manager,47874,GBP,59842,GB,0,GB,M
2023,MI,FT,Data Analyst,39000,EUR,42107,DE,50,DE,M
2024,MI,FT,Manager,153000,USD,153000,US,0,US,M
2024,MI,FT,Data Engineer,128000,USD,128000,US,100,US,M
2024,MI,FT,Data Engineer,27000,GBP,33750,GB,0,GB,M
2025,MI,FT,Engineer,150000,USD,150000,US,0,US,M
2024,EN,FT,Data Analyst,42000,EUR,46666,AT,0,AT,M
2024,MI,FT,Data Engineer,108000,USD,108000,US,0,US,M
2024,EN,FT,Data Scientist,69690,USD,69690,US,100,US,M
2024,EN,FT,Data Analyst,35505,GBP,44381,GB,0,GB,M
2025,MI,FT,AI Engineer,180000,USD,180000,US,0,US,M
2023,MI,FT,Data Analyst,95000,USD,95000,US,100,US,M
2024,MI,FT,Product Manager,143200,USD,143200,US,0,US,M
2025,MI,FT,Engineer,280000,USD,280000,US,0,US,M
2023,MI,FT,Data Scientist,140000,USD,140000,US,100,US,M
2023,EN,FT,Machine Learning Engineer,145885,USD,145885,US,0,US,M
2025,EN,FT,Software Engineer,60000,USD,60000,US,0,US,M
2024,MI,FT,Machine Learning Engineer,141000,USD,141000,US,0,US,M
2024,EN,FT,Research Engineer,144000,USD,144000,US,0,US,M
2024,MI,FT,Data Scientist,75600,EUR,84000,NL,0,NL,M
2024,MI,FT,Data Scientist,500000,USD,500000,US,0,US,M
2024,MI,FT,Data Scientist,245000,USD,245000,US,0,US,M
2023,MI,FT,Data Engineer,275000,USD,275000,CA,0,CA,M
2024,MI,FT,Software Engineer,89000,USD,89000,US,0,US,M
2023,MI,FT,Data Product Owner,45454,GBP,55926,GB,0,GB,M
2024,MI,FT,Manager,125000,USD,125000,US,0,US,M
2024,MI,FT,Research Scientist,251000,USD,251000,US,0,US,M
2024,MI,FT,Data Engineer,140000,USD,140000,US,0,US,M
2022,MI,FT,Data Analyst,160000,USD,160000,US,0,US,M
2024,MI,FT,Data Engineer,180000,USD,180000,CA,100,CA,M
2025,MI,FT,Cloud Database Engineer,85150,USD,85150,US,100,US,M
2024,EN,FT,Research Scientist,145000,USD,145000,US,0,US,M
2024,MI,FT,Research Scientist,200200,USD,200200,US,0,US,M
2024,MI,FT,Data Scientist,237500,USD,237500,US,0,US,M
2023,MI,FT,AI Engineer,73100,USD,73100,US,0,US,M
2023,MI,FT,Data Engineer,85000,USD,85000,US,0,US,M
2024,MI,FT,Business Intelligence Analyst,83400,USD,83400,US,0,US,M
2024,EN,PT,Business Intelligence Developer,64000,USD,64000,US,0,US,M
2024,MI,FT,Data Scientist,105000,USD,105000,US,0,US,M
2024,MI,FT,Data Engineer,130000,USD,130000,US,0,US,M
2024,MI,FT,Engineer,180000,USD,180000,US,0,US,M
2025,MI,FT,Software Engineer,193000,USD,193000,US,0,US,M
2024,EN,FT,Data Analyst,136800,USD,136800,US,0,US,M
2023,MI,FT,Data Scientist,150000,USD,150000,US,0,US,M
2024,MI,FT,Analyst,58000,USD,58000,US,0,US,M
2024,EN,FT,Data Engineer,98000,USD,98000,US,0,US,M
2024,MI,FT,Data Scientist,110000,USD,110000,US,100,US,M
2025,EN,FT,Analyst,78300,USD,78300,US,0,US,M
2024,MI,FT,Engineer,264200,USD,264200,US,0,US,M
2025,EN,FT,Data Analyst,51100,USD,51100,US,0,US,M
2024,MI,FT,Data Scientist,136800,USD,136800,US,0,US,M
2025,MI,FT,AI Specialist,85000,USD,85000,US,0,US,M
2023,MI,FT,Data Scientist,75000,EUR,80976,IE,0,IE,M
2024,MI,FT,Data Scientist,99100,USD,99100,US,0,US,M
2025,MI,FT,Software Engineer,103400,USD,103400,US,0,US,M
2024,EN,FT,Research Analyst,90000,USD,90000,US,0,US,M
2024,MI,FT,Data Scientist,96600,USD,96600,US,0,US,M
2024,EN,FT,Data Analyst,109000,USD,109000,US,100,US,M
2024,MI,FT,Data Engineer,96242,USD,96242,US,0,US,M
2024,EN,FT,Research Engineer,57700,USD,57700,US,0,US,M
2024,EN,FT,Data Analyst,84000,USD,84000,US,0,US,M
2024,MI,FT,Applied Scientist,222200,USD,222200,US,0,US,L
2024,MI,FT,Software Engineer,75000,USD,75000,US,0,US,M
2024,MI,FT,Associate,110000,USD,110000,US,0,US,M
2024,MI,FT,Engineering Manager,277837,USD,277837,US,0,US,M
2023,MI,FT,Data Analyst,120000,USD,120000,US,100,US,M
2024,EN,FT,Data Analyst,64200,USD,64200,US,0,US,M
2024,MI,FT,Data Engineer,47000,USD,47000,US,0,US,M
2025,MI,FT,Engineering Manager,400000,USD,400000,US,100,US,M
2025,EN,FT,Software Engineer,237100,USD,237100,US,0,US,M
2025,MI,FT,Data Scientist,218109,USD,218109,US,0,US,M
2024,MI,FT,Machine Learning Engineer,206500,USD,206500,US,100,US,M
2023,MI,FT,Machine Learning Engineer,179000,USD,179000,US,0,US,M
2024,MI,FT,Product Manager,197700,USD,197700,US,100,US,M
2025,MI,FT,Data Engineer,75600,USD,75600,US,0,US,M
2024,MI,FT,Data Analyst,81650,USD,81650,US,0,US,M
2024,MI,FT,Data Scientist,76980,USD,76980,US,0,US,M
2025,MI,FT,Data Engineer,184600,USD,184600,US,0,US,M
2025,MI,FT,Data Engineer,173040,USD,173040,US,0,US,M
2024,MI,FT,Data Scientist,176000,USD,176000,US,0,US,M
2024,EN,FT,Data Analyst,72000,USD,72000,US,0,US,M
2024,MI,FT,Software Engineer,140000,USD,140000,US,0,US,M
2025,MI,FT,Data Scientist,153300,USD,153300,US,0,US,M
2024,MI,FT,Machine Learning Engineer,189800,USD,189800,US,0,US,M
2024,MI,FT,Software Engineer,148000,USD,148000,US,0,US,M
2025,EN,FT,Data Analyst,30000,GBP,37974,GB,0,GB,M
2024,MI,FT,Data Scientist,137000,USD,137000,US,0,US,M
2025,EN,FT,Data Analyst,65000,USD,65000,US,0,US,M
2024,MI,FT,Machine Learning Engineer,102000,GBP,127500,GB,0,GB,M
2024,MI,FT,Data Engineer,187400,USD,187400,US,0,US,M
2023,MI,FT,Data Engineer,170884,USD,170884,US,100,US,M
2025,MI,FT,AI Engineer,150000,USD,150000,US,0,US,M
2025,EN,FT,Developer,92000,USD,92000,CA,0,CA,M
2024,MI,FT,Machine Learning Quality Engineer,109400,USD,109400,US,0,US,M
2024,MI,FT,Data Scientist,136000,USD,136000,US,0,US,M
2023,MI,FT,Data Engineer,70000,GBP,86128,GB,100,GB,M
2024,MI,FT,BI Analyst,68900,USD,68900,US,0,US,M
2024,MI,CT,Data Engineer,90000,GBP,112500,GB,100,GB,M
2025,MI,FT,Developer,104650,USD,104650,US,0,US,M
2024,MI,FT,Manager,232320,USD,232320,US,100,US,M
2025,MI,FT,Data Scientist,110400,USD,110400,US,0,US,M
2024,MI,FT,Software Engineer,216000,USD,216000,US,0,US,M
2023,MI,FT,Data Engineer,132000,USD,132000,US,100,US,M
2024,MI,FT,Data Engineer,140900,USD,140900,US,100,US,M
2025,EN,FT,Data Analyst,97027,USD,97027,AU,0,AU,M
2025,EN,FT,Data Analyst,51600,EUR,54315,LT,0,LT,M
2025,MI,FT,Data Scientist,60000,USD,60000,US,0,US,M
2024,EN,FT,Machine Learning Engineer,153600,USD,153600,US,0,US,M
2023,MI,FT,Data Analyst,250000,USD,250000,US,100,US,M
2024,MI,FT,Data Engineer,62544,EUR,69493,NL,0,NL,M
2025,MI,FT,Business Intelligence Engineer,100000,USD,100000,US,0,US,M
2023,MI,FT,Machine Learning Engineer,140000,USD,140000,US,100,US,M
2024,MI,FT,Data Analyst,76200,USD,76200,US,0,US,M
2024,MI,FT,Associate,154800,USD,154800,US,0,US,M
2025,MI,FT,Research Scientist,117000,USD,117000,US,0,US,M
2024,EN,FT,Data Engineer,79310,USD,79310,US,0,US,M
2025,MI,FT,Engineering Manager,250000,USD,250000,US,0,US,M
2025,MI,FT,Data Analyst,55100,USD,55100,US,100,US,M
2024,EN,FT,Data Engineer,231400,USD,231400,US,0,US,M
2024,EN,FT,Data Analyst,110000,USD,110000,US,0,US,M
2024,EN,FT,Software Engineer,116000,USD,116000,US,0,US,M
2024,MI,FT,Data Scientist,140000,USD,140000,US,0,US,M
2025,MI,FT,Analytics Specialist,92346,USD,92346,CA,0,CA,M
2025,MI,FT,Data Analyst,86400,USD,86400,US,0,US,M
2024,MI,FT,Business Intelligence Manager,117500,USD,117500,US,0,US,M
2025,MI,FT,Manager,100000,USD,100000,US,0,US,M
2024,MI,FT,Research Engineer,143376,USD,143376,US,0,US,M
2024,EN,FT,Data Analyst,110000,USD,110000,US,0,US,M
2023,MI,FT,Data Analyst,160000,USD,160000,US,0,US,M
2024,MI,FT,Statistician,105000,USD,105000,CA,0,CA,M
2024,EN,FT,Data Analyst,74500,USD,74500,US,0,US,M
2024,MI,FT,Data Scientist,106890,USD,106890,CA,0,CA,M
2024,EN,FT,Data Engineer,62900,USD,62900,US,0,US,M
2025,MI,FT,Associate,258000,USD,258000,CA,100,CA,M
2025,MI,FT,Engineer,132000,USD,132000,US,0,US,M
2024,MI,FT,Data Specialist,68000,USD,68000,US,100,US,M
2025,MI,FT,Decision Scientist,72100,USD,72100,US,0,US,M
2024,EN,FT,Research Scientist,137750,USD,137750,US,0,US,M
2024,MI,FT,Data Scientist,55000,GBP,68750,GB,0,GB,M
2025,MI,FT,Business Development Representative,54975,USD,54975,US,0,US,M
2024,MI,FT,Data Scientist,200000,USD,200000,US,0,US,M
2024,MI,FT,Full Stack Engineer,120000,USD,120000,US,0,US,M
2024,MI,FT,Data Analytics Specialist,158500,USD,158500,US,0,US,M
2025,EN,FT,Data Analyst,101000,USD,101000,US,100,US,M
2024,MI,FT,Data Scientist,93500,USD,93500,US,0,US,M
2025,MI,FT,Associate,100000,USD,100000,US,0,US,M
2024,MI,FT,Research Scientist,85000,USD,85000,US,100,US,M
2024,EN,FT,Data Analyst,83300,USD,83300,US,0,US,M
2025,MI,FT,Engineer,111717,USD,111717,US,100,US,M
2024,MI,FT,Data Scientist,385000,USD,385000,US,0,US,M
2024,MI,FT,Software Engineer,129300,USD,129300,US,0,US,L
2024,MI,FT,Business Intelligence Engineer,89600,USD,89600,US,0,US,L
2024,EN,FT,Business Intelligence Analyst,100000,USD,100000,US,100,US,M
2024,MI,FT,Data Modeler,114000,USD,114000,CA,0,CA,M
2024,MI,FT,Business Intelligence Developer,75600,USD,75600,US,0,US,M
2025,MI,FT,Data Engineer,102700,USD,102700,US,100,US,M
2025,EN,FT,Software Engineer,40000,USD,40000,US,0,US,M
2025,EN,FT,Analyst,74893,USD,74893,US,0,US,M
2025,MI,FT,Data Engineer,43990,GBP,55683,GB,100,GB,M
2025,MI,FT,Data Engineer,78200,USD,78200,US,0,US,M
2024,EN,FT,Data Analyst,46000,USD,46000,US,0,US,M
2024,MI,FT,Data Scientist,212800,USD,212800,US,0,US,L
2024,EN,FT,Data Analyst,67000,USD,67000,US,0,US,M
2024,MI,FT,Data Engineer,168000,USD,168000,US,0,US,M
